dimension,dataset,verified_runs,expected_runs,reported_auc,reported_acc,mean_auc,std_auc,auc_difference,auc_loss,auc_loss_under_1pct,mean_acc,std_acc,acc_difference,acc_loss,acc_loss_under_1pct,all_verified
2d,chestmnist,0,5,0.773,0.948,,,,,,,,,,,False
2d,bloodmnist,0,5,0.997,0.95,,,,,,,,,,,False
2d,breastmnist,5,5,0.866,0.842,0.90739,0.01028,0.04139,-0.04139,True,0.86795,0.01118,0.02595,-0.02595,True,True
2d,dermamnist,0,5,0.912,0.731,,,,,,,,,,,False
2d,octmnist,0,5,0.958,0.776,,,,,,,,,,,False
2d,organamnist,0,5,0.998,0.947,,,,,,,,,,,False
2d,organcmnist,0,5,0.993,0.911,,,,,,,,,,,False
2d,organsmnist,0,5,0.975,0.785,,,,,,,,,,,False
2d,pathmnist,0,5,0.989,0.892,,,,,,,,,,,False
2d,pneumoniamnist,5,5,0.962,0.884,0.94639,0.01061,-0.01561,0.01561,False,0.84904,0.03745,-0.03496,0.03496,False,True
2d,retinamnist,5,5,0.716,0.511,0.72897,0.00814,0.01297,-0.01297,True,0.51550,0.00967,0.00450,-0.00450,True,True
2d,tissuemnist,0,5,0.932,0.68,,,,,,,,,,,False
3d,adrenalmnist3d,5,5,0.828,0.745,,,,,,,,,,,True
3d,fracturemnist3d,0,5,0.725,0.494,,,,,,,,,,,False
3d,nodulemnist3d,0,5,0.875,0.847,,,,,,,,,,,False
3d,organmnist3d,0,5,0.994,0.883,,,,,,,,,,,False
3d,synapsemnist3d,0,5,0.851,0.795,,,,,,,,,,,False
3d,vesselmnist3d,0,5,0.907,0.918,,,,,,,,,,,False
