run_id,dimension,dataset,seed,status,auc,acc,verified,reported_auc,reported_acc
2d-chestmnist-resnet50-224-seed17-r1,2d,chestmnist,17,paused,,,False,0.773,0.948
2d-chestmnist-resnet50-224-seed29-r1,2d,chestmnist,29,planned,,,False,0.773,0.948
2d-chestmnist-resnet50-224-seed43-r1,2d,chestmnist,43,planned,,,False,0.773,0.948
2d-chestmnist-resnet50-224-seed71-r1,2d,chestmnist,71,planned,,,False,0.773,0.948
2d-chestmnist-resnet50-224-seed101-r1,2d,chestmnist,101,planned,,,False,0.773,0.948
2d-bloodmnist-resnet50-224-seed17-r1,2d,bloodmnist,17,planned,,,False,0.997,0.95
2d-bloodmnist-resnet50-224-seed29-r1,2d,bloodmnist,29,planned,,,False,0.997,0.95
2d-bloodmnist-resnet50-224-seed43-r1,2d,bloodmnist,43,planned,,,False,0.997,0.95
2d-bloodmnist-resnet50-224-seed71-r1,2d,bloodmnist,71,planned,,,False,0.997,0.95
2d-bloodmnist-resnet50-224-seed101-r1,2d,bloodmnist,101,planned,,,False,0.997,0.95
2d-breastmnist-resnet50-224-seed17-r1,2d,breastmnist,17,planned,,,False,0.866,0.842
2d-breastmnist-resnet50-224-seed29-r1,2d,breastmnist,29,planned,,,False,0.866,0.842
2d-breastmnist-resnet50-224-seed43-r1,2d,breastmnist,43,planned,,,False,0.866,0.842
2d-breastmnist-resnet50-224-seed71-r1,2d,breastmnist,71,planned,,,False,0.866,0.842
2d-breastmnist-resnet50-224-seed101-r1,2d,breastmnist,101,planned,,,False,0.866,0.842
2d-dermamnist-resnet50-224-seed17-r1,2d,dermamnist,17,planned,,,False,0.912,0.731
2d-dermamnist-resnet50-224-seed29-r1,2d,dermamnist,29,planned,,,False,0.912,0.731
2d-dermamnist-resnet50-224-seed43-r1,2d,dermamnist,43,planned,,,False,0.912,0.731
2d-dermamnist-resnet50-224-seed71-r1,2d,dermamnist,71,planned,,,False,0.912,0.731
2d-dermamnist-resnet50-224-seed101-r1,2d,dermamnist,101,planned,,,False,0.912,0.731
2d-octmnist-resnet50-224-seed17-r1,2d,octmnist,17,planned,,,False,0.958,0.776
2d-octmnist-resnet50-224-seed29-r1,2d,octmnist,29,planned,,,False,0.958,0.776
2d-octmnist-resnet50-224-seed43-r1,2d,octmnist,43,planned,,,False,0.958,0.776
2d-octmnist-resnet50-224-seed71-r1,2d,octmnist,71,planned,,,False,0.958,0.776
2d-octmnist-resnet50-224-seed101-r1,2d,octmnist,101,planned,,,False,0.958,0.776
2d-organamnist-resnet50-224-seed17-r1,2d,organamnist,17,planned,,,False,0.998,0.947
2d-organamnist-resnet50-224-seed29-r1,2d,organamnist,29,planned,,,False,0.998,0.947
2d-organamnist-resnet50-224-seed43-r1,2d,organamnist,43,planned,,,False,0.998,0.947
2d-organamnist-resnet50-224-seed71-r1,2d,organamnist,71,planned,,,False,0.998,0.947
2d-organamnist-resnet50-224-seed101-r1,2d,organamnist,101,planned,,,False,0.998,0.947
2d-organcmnist-resnet50-224-seed17-r1,2d,organcmnist,17,planned,,,False,0.993,0.911
2d-organcmnist-resnet50-224-seed29-r1,2d,organcmnist,29,planned,,,False,0.993,0.911
2d-organcmnist-resnet50-224-seed43-r1,2d,organcmnist,43,planned,,,False,0.993,0.911
2d-organcmnist-resnet50-224-seed71-r1,2d,organcmnist,71,planned,,,False,0.993,0.911
2d-organcmnist-resnet50-224-seed101-r1,2d,organcmnist,101,planned,,,False,0.993,0.911
2d-organsmnist-resnet50-224-seed17-r1,2d,organsmnist,17,planned,,,False,0.975,0.785
2d-organsmnist-resnet50-224-seed29-r1,2d,organsmnist,29,planned,,,False,0.975,0.785
2d-organsmnist-resnet50-224-seed43-r1,2d,organsmnist,43,planned,,,False,0.975,0.785
2d-organsmnist-resnet50-224-seed71-r1,2d,organsmnist,71,planned,,,False,0.975,0.785
2d-organsmnist-resnet50-224-seed101-r1,2d,organsmnist,101,planned,,,False,0.975,0.785
2d-pathmnist-resnet50-224-seed17-r1,2d,pathmnist,17,planned,,,False,0.989,0.892
2d-pathmnist-resnet50-224-seed29-r1,2d,pathmnist,29,planned,,,False,0.989,0.892
2d-pathmnist-resnet50-224-seed43-r1,2d,pathmnist,43,planned,,,False,0.989,0.892
2d-pathmnist-resnet50-224-seed71-r1,2d,pathmnist,71,planned,,,False,0.989,0.892
2d-pathmnist-resnet50-224-seed101-r1,2d,pathmnist,101,planned,,,False,0.989,0.892
2d-pneumoniamnist-resnet50-224-seed17-r1,2d,pneumoniamnist,17,planned,,,False,0.962,0.884
2d-pneumoniamnist-resnet50-224-seed29-r1,2d,pneumoniamnist,29,planned,,,False,0.962,0.884
2d-pneumoniamnist-resnet50-224-seed43-r1,2d,pneumoniamnist,43,planned,,,False,0.962,0.884
2d-pneumoniamnist-resnet50-224-seed71-r1,2d,pneumoniamnist,71,planned,,,False,0.962,0.884
2d-pneumoniamnist-resnet50-224-seed101-r1,2d,pneumoniamnist,101,planned,,,False,0.962,0.884
2d-retinamnist-resnet50-224-seed17-r1,2d,retinamnist,17,planned,,,False,0.716,0.511
2d-retinamnist-resnet50-224-seed29-r1,2d,retinamnist,29,planned,,,False,0.716,0.511
2d-retinamnist-resnet50-224-seed43-r1,2d,retinamnist,43,planned,,,False,0.716,0.511
2d-retinamnist-resnet50-224-seed71-r1,2d,retinamnist,71,planned,,,False,0.716,0.511
2d-retinamnist-resnet50-224-seed101-r1,2d,retinamnist,101,planned,,,False,0.716,0.511
2d-tissuemnist-resnet50-224-seed17-r1,2d,tissuemnist,17,planned,,,False,0.932,0.68
2d-tissuemnist-resnet50-224-seed29-r1,2d,tissuemnist,29,planned,,,False,0.932,0.68
2d-tissuemnist-resnet50-224-seed43-r1,2d,tissuemnist,43,planned,,,False,0.932,0.68
2d-tissuemnist-resnet50-224-seed71-r1,2d,tissuemnist,71,planned,,,False,0.932,0.68
2d-tissuemnist-resnet50-224-seed101-r1,2d,tissuemnist,101,planned,,,False,0.932,0.68
3d-adrenalmnist3d-resnet50-28-seed17-r1,3d,adrenalmnist3d,17,complete,,,True,0.828,0.745
3d-adrenalmnist3d-resnet50-28-seed29-r1,3d,adrenalmnist3d,29,complete,,,True,0.828,0.745
3d-adrenalmnist3d-resnet50-28-seed43-r1,3d,adrenalmnist3d,43,complete,,,True,0.828,0.745
3d-adrenalmnist3d-resnet50-28-seed71-r1,3d,adrenalmnist3d,71,complete,,,True,0.828,0.745
3d-adrenalmnist3d-resnet50-28-seed101-r1,3d,adrenalmnist3d,101,complete,,,True,0.828,0.745
3d-fracturemnist3d-resnet50-28-seed17-r1,3d,fracturemnist3d,17,paused,,,False,0.725,0.494
3d-fracturemnist3d-resnet50-28-seed29-r1,3d,fracturemnist3d,29,paused,,,False,0.725,0.494
3d-fracturemnist3d-resnet50-28-seed43-r1,3d,fracturemnist3d,43,planned,,,False,0.725,0.494
3d-fracturemnist3d-resnet50-28-seed71-r1,3d,fracturemnist3d,71,planned,,,False,0.725,0.494
3d-fracturemnist3d-resnet50-28-seed101-r1,3d,fracturemnist3d,101,planned,,,False,0.725,0.494
3d-nodulemnist3d-resnet50-28-seed17-r1,3d,nodulemnist3d,17,stalled,,,False,0.875,0.847
3d-nodulemnist3d-resnet50-28-seed29-r1,3d,nodulemnist3d,29,planned,,,False,0.875,0.847
3d-nodulemnist3d-resnet50-28-seed43-r1,3d,nodulemnist3d,43,planned,,,False,0.875,0.847
3d-nodulemnist3d-resnet50-28-seed71-r1,3d,nodulemnist3d,71,planned,,,False,0.875,0.847
3d-nodulemnist3d-resnet50-28-seed101-r1,3d,nodulemnist3d,101,planned,,,False,0.875,0.847
3d-organmnist3d-resnet50-28-seed17-r1,3d,organmnist3d,17,planned,,,False,0.994,0.883
3d-organmnist3d-resnet50-28-seed29-r1,3d,organmnist3d,29,planned,,,False,0.994,0.883
3d-organmnist3d-resnet50-28-seed43-r1,3d,organmnist3d,43,planned,,,False,0.994,0.883
3d-organmnist3d-resnet50-28-seed71-r1,3d,organmnist3d,71,planned,,,False,0.994,0.883
3d-organmnist3d-resnet50-28-seed101-r1,3d,organmnist3d,101,planned,,,False,0.994,0.883
3d-synapsemnist3d-resnet50-28-seed17-r1,3d,synapsemnist3d,17,planned,,,False,0.851,0.795
3d-synapsemnist3d-resnet50-28-seed29-r1,3d,synapsemnist3d,29,planned,,,False,0.851,0.795
3d-synapsemnist3d-resnet50-28-seed43-r1,3d,synapsemnist3d,43,planned,,,False,0.851,0.795
3d-synapsemnist3d-resnet50-28-seed71-r1,3d,synapsemnist3d,71,planned,,,False,0.851,0.795
3d-synapsemnist3d-resnet50-28-seed101-r1,3d,synapsemnist3d,101,planned,,,False,0.851,0.795
3d-vesselmnist3d-resnet50-28-seed17-r1,3d,vesselmnist3d,17,planned,,,False,0.907,0.918
3d-vesselmnist3d-resnet50-28-seed29-r1,3d,vesselmnist3d,29,planned,,,False,0.907,0.918
3d-vesselmnist3d-resnet50-28-seed43-r1,3d,vesselmnist3d,43,planned,,,False,0.907,0.918
3d-vesselmnist3d-resnet50-28-seed71-r1,3d,vesselmnist3d,71,planned,,,False,0.907,0.918
3d-vesselmnist3d-resnet50-28-seed101-r1,3d,vesselmnist3d,101,planned,,,False,0.907,0.918
2d-breastmnist-resnet18-28-seed17-b1,2d,breastmnist,17,complete,0.91312,0.87179,True,0.866,0.842
2d-breastmnist-resnet18-28-seed29-b1,2d,breastmnist,29,complete,0.92168,0.87821,True,0.866,0.842
2d-breastmnist-resnet18-28-seed43-b1,2d,breastmnist,43,complete,0.89996,0.87179,True,0.866,0.842
2d-breastmnist-resnet18-28-seed71-b1,2d,breastmnist,71,complete,0.89223,0.87179,True,0.866,0.842
2d-breastmnist-resnet18-28-seed101-b1,2d,breastmnist,101,complete,0.90998,0.84615,True,0.866,0.842
2d-pneumoniamnist-resnet18-28-seed17-b1,2d,pneumoniamnist,17,complete,0.95653,0.91026,True,0.962,0.884
2d-pneumoniamnist-resnet18-28-seed29-b1,2d,pneumoniamnist,29,complete,0.9613,0.82853,True,0.962,0.884
2d-pneumoniamnist-resnet18-28-seed43-b1,2d,pneumoniamnist,43,complete,0.93852,0.85737,True,0.962,0.884
2d-pneumoniamnist-resnet18-28-seed71-b1,2d,pneumoniamnist,71,complete,0.93407,0.85256,True,0.962,0.884
2d-pneumoniamnist-resnet18-28-seed101-b1,2d,pneumoniamnist,101,complete,0.94154,0.79647,True,0.962,0.884
2d-retinamnist-resnet18-28-seed17-b1,2d,retinamnist,17,complete,0.71616,0.51,True,0.716,0.511
2d-retinamnist-resnet18-28-seed29-b1,2d,retinamnist,29,complete,0.72997,0.53,True,0.716,0.511
2d-retinamnist-resnet18-28-seed43-b1,2d,retinamnist,43,complete,0.73009,0.5025,True,0.716,0.511
2d-retinamnist-resnet18-28-seed71-b1,2d,retinamnist,71,complete,0.74166,0.5225,True,0.716,0.511
2d-retinamnist-resnet18-28-seed101-b1,2d,retinamnist,101,complete,0.72695,0.5125,True,0.716,0.511
